-- phpMyAdmin SQL Dump
-- version 5.2.0
-- https://www.phpmyadmin.net/
--
-- Host: 127.0.0.1
-- Generation Time: Jun 02, 2022 at 02:51 AM
-- Server version: 10.4.24-MariaDB
-- PHP Version: 7.4.29

SET SQL_MODE = "NO_AUTO_VALUE_ON_ZERO";
START TRANSACTION;
SET time_zone = "+00:00";


/*!40101 SET @OLD_CHARACTER_SET_CLIENT=@@CHARACTER_SET_CLIENT */;
/*!40101 SET @OLD_CHARACTER_SET_RESULTS=@@CHARACTER_SET_RESULTS */;
/*!40101 SET @OLD_COLLATION_CONNECTION=@@COLLATION_CONNECTION */;
/*!40101 SET NAMES utf8mb4 */;

--
-- Database: `klinik_312010241`
--

-- --------------------------------------------------------

--
-- Table structure for table `berobat`
--

CREATE TABLE `berobat` (
  `id_berobat` int(11) NOT NULL,
  `id_pasien` int(11) DEFAULT NULL,
  `id_dokter` int(11) DEFAULT NULL,
  `tgl_berobat` date DEFAULT NULL,
  `keluhan_pasien` varchar(200) DEFAULT NULL,
  `hasil_diagnosa` varchar(200) DEFAULT NULL,
  `penatalaksanaan` enum('Rawat Inap','Rawat Jalan') DEFAULT NULL
) ENGINE=InnoDB DEFAULT CHARSET=utf8mb4;

--
-- Dumping data for table `berobat`
--

INSERT INTO `berobat` (`id_berobat`, `id_pasien`, `id_dokter`, `tgl_berobat`, `keluhan_pasien`, `hasil_diagnosa`, `penatalaksanaan`) VALUES
(1, 40001, 20001, '2022-04-02', 'pusing', 'sakit kepala', 'Rawat Jalan'),
(2, 40002, 20002, '2022-04-07', 'gigi senut-senut', 'sakit gigi', 'Rawat Inap'),
(3, 40003, 20003, '2022-04-15', 'badan pegal-pegal', 'rematik', 'Rawat Inap'),
(4, 40004, 20003, '2022-04-18', 'perut sakit', 'diare', 'Rawat Inap'),
(5, 40005, 20005, '2022-04-24', 'sakit pinggang', 'rematik', 'Rawat Jalan');

-- --------------------------------------------------------

--
-- Table structure for table `dokter`
--

CREATE TABLE `dokter` (
  `id_dokter` int(5) NOT NULL,
  `nama_dokter` varchar(50) DEFAULT NULL
) ENGINE=InnoDB DEFAULT CHARSET=utf8mb4;

--
-- Dumping data for table `dokter`
--

INSERT INTO `dokter` (`id_dokter`, `nama_dokter`) VALUES
(20001, 'Darmawan'),
(20002, 'Hermawan'),
(20003, 'Darmanto'),
(20004, 'Hermanto'),
(20005, 'Daryanto');

-- --------------------------------------------------------

--
-- Table structure for table `obat`
--

CREATE TABLE `obat` (
  `id_obat` int(5) NOT NULL,
  `nama_obat` varchar(100) DEFAULT NULL
) ENGINE=InnoDB DEFAULT CHARSET=utf8mb4;

--
-- Dumping data for table `obat`
--

INSERT INTO `obat` (`id_obat`, `nama_obat`) VALUES
(30001, 'Paramex'),
(30002, 'Panadol'),
(30003, 'Neureumachil'),
(30004, 'Oskadon'),
(30005, 'Bodrex');

-- --------------------------------------------------------

--
-- Table structure for table `pasien`
--

CREATE TABLE `pasien` (
  `id_pasien` int(5) NOT NULL,
  `nama_pasien` varchar(40) DEFAULT NULL,
  `jenis_kelamin` enum('L','P') DEFAULT NULL,
  `umur` int(2) DEFAULT NULL
) ENGINE=InnoDB DEFAULT CHARSET=utf8mb4;

--
-- Dumping data for table `pasien`
--

INSERT INTO `pasien` (`id_pasien`, `nama_pasien`, `jenis_kelamin`, `umur`) VALUES
(40001, 'Slamet', 'L', 27),
(40002, 'Sri', 'P', 27),
(40003, 'Wildan', 'L', 23),
(40004, 'Luza', 'P', 21),
(40005, 'Deni', 'L', 23);

-- --------------------------------------------------------

--
-- Table structure for table `resep_obat`
--

CREATE TABLE `resep_obat` (
  `id_resep` int(11) NOT NULL,
  `id_berobat` int(11) DEFAULT NULL,
  `id_obat` int(11) DEFAULT NULL
) ENGINE=InnoDB DEFAULT CHARSET=utf8mb4;

--
-- Dumping data for table `resep_obat`
--

INSERT INTO `resep_obat` (`id_resep`, `id_berobat`, `id_obat`) VALUES
(50001, 1, 30001),
(50002, 2, 30004),
(50003, 3, 30003),
(50004, 4, 30002),
(50005, 5, 30003);

-- --------------------------------------------------------

--
-- Table structure for table `users`
--

CREATE TABLE `users` (
  `id` int(5) NOT NULL,
  `username` varchar(50) DEFAULT NULL,
  `password` varchar(32) DEFAULT NULL,
  `nama_lengkap` varchar(40) DEFAULT NULL
) ENGINE=InnoDB DEFAULT CHARSET=utf8mb4;

--
-- Dumping data for table `users`
--

INSERT INTO `users` (`id`, `username`, `password`, `nama_lengkap`) VALUES
(10001, 'slamet', '123456789', 'Slamet Doang'),
(10002, 'sri', '987654321', 'Sri Doang'),
(10003, 'wildan', '123456789', 'Wildan Doang'),
(10004, 'luza', '987654321', 'Luza Doang'),
(10005, 'deni', '987654321', 'Deni Doang');

--
-- Indexes for dumped tables
--

--
-- Indexes for table `berobat`
--
ALTER TABLE `berobat`
  ADD PRIMARY KEY (`id_berobat`),
  ADD KEY `id_pasien` (`id_pasien`),
  ADD KEY `id_dokter` (`id_dokter`);

--
-- Indexes for table `dokter`
--
ALTER TABLE `dokter`
  ADD PRIMARY KEY (`id_dokter`);

--
-- Indexes for table `obat`
--
ALTER TABLE `obat`
  ADD PRIMARY KEY (`id_obat`);

--
-- Indexes for table `pasien`
--
ALTER TABLE `pasien`
  ADD PRIMARY KEY (`id_pasien`);

--
-- Indexes for table `resep_obat`
--
ALTER TABLE `resep_obat`
  ADD PRIMARY KEY (`id_resep`),
  ADD KEY `id_berobat` (`id_berobat`),
  ADD KEY `id_obat` (`id_obat`);

--
-- Indexes for table `users`
--
ALTER TABLE `users`
  ADD PRIMARY KEY (`id`);

--
-- AUTO_INCREMENT for dumped tables
--

--
-- AUTO_INCREMENT for table `berobat`
--
ALTER TABLE `berobat`
  MODIFY `id_berobat` int(11) NOT NULL AUTO_INCREMENT, AUTO_INCREMENT=6;

--
-- AUTO_INCREMENT for table `dokter`
--
ALTER TABLE `dokter`
  MODIFY `id_dokter` int(5) NOT NULL AUTO_INCREMENT, AUTO_INCREMENT=20006;

--
-- AUTO_INCREMENT for table `obat`
--
ALTER TABLE `obat`
  MODIFY `id_obat` int(5) NOT NULL AUTO_INCREMENT, AUTO_INCREMENT=30006;

--
-- AUTO_INCREMENT for table `pasien`
--
ALTER TABLE `pasien`
  MODIFY `id_pasien` int(5) NOT NULL AUTO_INCREMENT, AUTO_INCREMENT=40006;

--
-- AUTO_INCREMENT for table `resep_obat`
--
ALTER TABLE `resep_obat`
  MODIFY `id_resep` int(11) NOT NULL AUTO_INCREMENT, AUTO_INCREMENT=50006;

--
-- AUTO_INCREMENT for table `users`
--
ALTER TABLE `users`
  MODIFY `id` int(5) NOT NULL AUTO_INCREMENT, AUTO_INCREMENT=10006;

--
-- Constraints for dumped tables
--

--
-- Constraints for table `berobat`
--
ALTER TABLE `berobat`
  ADD CONSTRAINT `id_dokter` FOREIGN KEY (`id_dokter`) REFERENCES `dokter` (`id_dokter`),
  ADD CONSTRAINT `id_pasien` FOREIGN KEY (`id_pasien`) REFERENCES `pasien` (`id_pasien`);

--
-- Constraints for table `resep_obat`
--
ALTER TABLE `resep_obat`
  ADD CONSTRAINT `id_berobat` FOREIGN KEY (`id_berobat`) REFERENCES `berobat` (`id_berobat`),
  ADD CONSTRAINT `id_obat` FOREIGN KEY (`id_obat`) REFERENCES `obat` (`id_obat`);
COMMIT;

/*!40101 SET CHARACTER_SET_CLIENT=@OLD_CHARACTER_SET_CLIENT */;
/*!40101 SET CHARACTER_SET_RESULTS=@OLD_CHARACTER_SET_RESULTS */;
/*!40101 SET COLLATION_CONNECTION=@OLD_COLLATION_CONNECTION */;
